Niche,Keywords
"Conservative Politics / Commentary","america first; small government; limited government; constitutional republic; states rights; election integrity; voter fraud; ballot harvesting; border crisis; illegal immigration; mainstream media bias; free speech absolutist; woke agenda; parental rights; fiscal conservatism; judicial activism"
"Anti-Establishment / Independent News","independent journalism; citizen journalism; watchdog reporting; accountability reporting; media blackout; narrative control; corporate media; legacy media; censorship; deplatforming; whistleblower; foia request; follow the money; manufactured consent; regulatory capture"
"Investigative Journalism","investigative report; document leak; public records; foia documents; source verification; offshore accounts; shell companies; conflict of interest; procurement fraud; bid rigging; kickback scheme; audit trail; ethics violation; watchdog investigation; accountability journalism"
"Conspiracy / Deep State / Truth-Seeker","deep state; false flag; new world order; globalist agenda; shadow government; cover up; intel operation; black budget; psyop; mass surveillance state; elite cabal; manufactured crisis; controlled opposition; red pill; truth seeker"
"Faith-Based / Biblical / Prophecy","bible prophecy; end times; second coming; tribulation; great tribulation; rapture; antichrist; mark of the beast; book of revelation; millennial kingdom; spiritual warfare; gospel truth; biblical worldview; signs of the times; kingdom of god"
"Prepper / Survival / Homesteading","emergency preparedness; disaster supplies kit; go bag; 72 hour kit; shelter in place; off grid; grid down; water filtration; water storage; long shelf life food; backup power; portable generator; first aid kit; homesteading; self reliance"
"Finance / Economics / Crypto","sound money; fiat currency; currency debasement; inflation hedge; federal funds rate; monetary policy; money supply; de-dollarization; national debt; banking crisis; market crash; bitcoin; self custody; cold wallet; stablecoin; on chain"
"Health Freedom / Alternative Medicine","medical freedom; informed consent; natural health; holistic health; functional medicine; integrative medicine; detox protocol; immune support; metabolic health; gut health; hormone balance; non toxic living; vaccine injury; health sovereignty; root cause medicine"
"UFOs / Aliens / Exopolitics","uap; unidentified anomalous phenomena; unidentified aerial phenomena; aaro; ufo disclosure; non human intelligence; crash retrieval; reverse engineering; whistleblower testimony; tic tac uap; navy encounters; abduction; contactee; exopolitics; alien technology"
"Military / Veteran / National Security","national security; threat assessment; critical infrastructure; service connected disability; va disability claim; ptsd claim; va compensation; veteran benefits; special operations; rules of engagement; force readiness; intelligence assessment; border security; counterterrorism; transnational threat"
"Culture War / Social Commentary","culture war; cancel culture; critical race theory; gender ideology; identity politics; woke; anti woke; parental rights; free speech on campus; dei; intersectionality; social engineering; traditional values; family values; moral decline"
"2nd Amendment / Gun Rights","second amendment; gun rights; right to bear arms; constitutional carry; shall issue; open carry; concealed carry; magazine ban; assault weapons ban; red flag laws; self defense; stand your ground; firearms training; home defense; gun control"
"Tech / Privacy / Anti-Surveillance","digital privacy; government surveillance; mass surveillance; end to end encryption; metadata; zero trust; multi factor authentication; phishing resistant mfa; ransomware; phishing; zero day; vpn; secure messaging; data broker; facial recognition"
"Legal / Constitutional Rights","first amendment; fourth amendment; due process; equal protection; unreasonable search and seizure; search warrant; probable cause; exclusionary rule; civil liberties; constitutional rights; judicial review; administrative overreach; qualified immunity; habeas corpus; bill of rights"
"Satire / Comedy","political satire; parody; spoof; sarcasm; irony; comedy sketch; stand up comedy; satirical monologue; roast; deadpan; dark humor; punchline; clown world; meme humor; comedic commentary"
"Law Enforcement / Crime","organized crime; human trafficking; drug trafficking; money laundering; identity theft; wire fraud; real estate fraud; asset forfeiture; gang violence; cartel activity; violent crime; public safety; cold case; sex trafficking; financial crimes"
"Alternative History / Archaeology","ancient civilizations; lost civilization; forbidden archaeology; megalithic structures; ancient cataclysm; younger dryas; atlantis theory; gobekli tepe; pyramid alignment; ancient artifacts; suppressed history; out of place artifact; prehistoric advanced culture; biblical archaeology; historical revisionism"
"Spirituality / Metaphysical","higher consciousness; spiritual awakening; chakra; energy healing; aura; manifestation; law of attraction; astrology; numerology; tarot; divination; synchronicity; ascension; shadow work; third eye"
"LDS (Mormon) Community","book of mormon; doctrine and covenants; pearl of great price; ward; stake; relief society; elders quorum; bishop; temple recommend; patriarchal blessing; familysearch; temple ordinances; genealogy work; general conference; restoration"
"Lifestyle / Family / Travel","family life; homeschool family; parenting tips; marriage advice; faith and family; road trip; rv living; travel vlog; expat life; budget travel; family preparedness; remote lifestyle; digital nomad; simple living; work life balance"
"Other / Unclassified","uncategorized; misc commentary; variety channel; general discussion; open topic; mixed content"
